{
    "httpPort": 3250,
    "allowLocalFilesAccess": true,
    "templatingEngines": {
        "timeout": 1800000 
    },
    "chrome": {
        "timeout": 1800000 ,
        "launchOptions": {
            "args": ["--no-sandbox"]
        }
    },
    "extensions": {
        "authentication" : {
            "cookieSession": {
                "secret": "<your strong secret>"
            },
            "admin": {
                "username" : "admin",
                "password": "password"
            },
            "enabled": false
        },
        "sample-template": {
            "createSamples": false
        },
        "scripts": {
            "timeout": 1800000 
        },
        "tasks": {
            "timeout": 1800000 
          }
    }
}
